STATION_ID,STATION,BEGIN_DATE,END_DATE,STATE,COUNTRY,LATITUDE,LONGITUDE,ELEVATION
99722499999,30NM SOUTHWEST OF MIZEN HEAD,2004-09-07,2011-12-10,null,EI,51.277,-10.55,2.5
07005099999,ABBEVILLE,1940-06-08,2020-04-07,null,FR,50.143492,1.831892,67.05
03405099999,ABERDARON,1994-10-01,2020-04-07,null,UK,52.7833333,-4.7333333,94
03404099999,ABERDOVEY,1978-12-04,1990-10-12,null,UK,52.55,-4.067,22
03411099999,ABERHOSAN,1992-08-01,2003-10-19,null,UK,52.567,-3.717,244
03502099999,ABERPORTH,1973-01-01,2020-04-07,null,UK,52.1333333,-4.5666667,134
03653099999,ABINGDON(RAF),1973-01-01,1975-11-06,null,UK,51.683,-1.317,80
03080099999,ABOYNE NO2,1989-04-12,2020-04-07,null,UK,57.0833333,-2.8333333,140
03238099999,ALBEMARLE,2003-03-30,2020-04-07,null,UK,55.0166666,-1.8666666,146
03562199999,ALCONBURY RAF,1973-01-01,1988-01-05,null,UK,52.367,-0.217,49
03562099999,ALCONBURY RAF,1943-01-18,1956-01-28,null,UK,52.3666666,-0.2166666,47.87
03562399999,ALCONBURY RAF     &,1943-01-18,1995-03-31,null,UK,52.367,-0.217,49
03598099999,ALDEBURGH,1973-04-02,1988-10-27,null,UK,52.15,1.6,9
03917099999,ALDERGROVE,1939-08-08,2020-04-07,null,UK,54.6575,-6.215833,81.68
03891599999,ALDERNEY,1988-10-16,2020-04-07,null,UK,49.706111,-2.214722,88.39
03044099999,ALTNAHARRA NO2,1993-03-02,2020-04-07,null,UK,58.2833333,-4.4333333,80
03303099999,AMLWCH,1988-05-01,1999-01-26,null,UK,53.383,-4.367,114
03140599999,ANDREW OIL PLATFORM,2012-03-01,2020-04-07,null,UK,58.0333333,1.4,470
03684099999,ANDREWSFIELD,1998-03-01,2020-04-07,null,UK,51.8833333,0.45,87
03913099999,ANNAGHMORE,1983-08-19,1983-08-19,null,UK,54.45,-6.567,27
03793099999,ANVIL GREEN,1973-01-01,1992-03-31,null,UK,51.2,1.017,139
03860099999,ANVIL POINT,1978-01-11,1981-09-25,null,UK,50.583,-1.967,34
03041099999,AONACH MOR,1992-03-02,2020-03-28,null,UK,56.8166666,-4.9666666,1130
03795199999,ASHFORD,1973-01-01,1974-10-19,null,UK,51.15,0.883,107
03215099999,ASPATRIA,1979-01-02,2003-12-11,null,UK,54.767,-3.317,62
74900299999,ATTLEBOROUGH,1943-09-01,1945-08-25,null,UK,52.5,0.95,32
03322099999,AUGHTON,1978-08-01,1996-03-31,null,UK,53.55,-2.917,56
06253099999,AUK-ALFA,1996-08-28,2006-02-28,null,NL,56.3833333,2.05,34
06269199999,AUK-ALFA,2006-02-28,2006-02-28,null,NL,56.4,2.067,34
03034099999,AULTBEA NO2,1986-10-01,2020-04-07,null,UK,57.8666666,-5.6333333,10
03063099999,AVIEMORE,1982-12-09,2020-04-07,null,UK,57.2,-3.8333333,228
03409099999,BALA,2011-06-27,2020-04-07,null,UK,52.9,-3.5833333,163
03979099999,BALLYHAISE,2008-07-21,2020-03-14,null,EI,54.05,-7.3,79
03908099999,BALLYKELLY,1997-12-01,2011-11-03,null,UK,55.0666666,-7.0166666,5
03916099999,BALLYPATRICK FOREST,1987-03-01,2020-04-07,null,UK,55.1833333,-6.1666666,156
03526099999,BARBOURNE,1997-12-01,2003-07-17,null,UK,52.2,-2.217,25
03400099999,BARDSEY ISL (LGT-H),1973-01-01,1987-03-26,null,UK,52.75,-4.8,16
07019099999,BARFLEUR (POINT),1985-07-01,2012-11-29,null,FR,49.7,-1.2666667,7
03372399999,BARKSTON HEATH,2002-05-07,2019-07-15,null,UK,52.962225,-0.561625,111.86
03035099999,BARRA ISLAND,1989-01-12,2007-07-10,null,UK,57.0333333,-7.45,3
03167099999,BASS ROCK (LGT-H),1976-12-03,1988-12-19,null,UK,56.083,-2.633,38
03567199999,BASSINGBOURN,1950-11-01,1951-10-26,null,UK,52.1,-0.05,23
03824099999,BASTREET,1975-04-01,2003-02-26,null,UK,50.567,-4.483,238
03039099999,BEALACH NA BA NO2,2001-06-01,2020-04-07,null,UK,57.4166666,-5.6833333,773
03149099999,BECAME STN 031491,1973-01-01,1981-12-22,null,UK,56.067,-4.05,335
03499099999,BECAME STN 034991,1973-06-01,1982-06-01,null,UK,52.717,2.3,5
03794099999,BECAME STN 037941,1973-03-08,1979-09-04,null,UK,51.15,1.383,91
03593099999,BECCLES (AUX),1990-02-01,1995-04-09,null,UK,52.433,1.617,22
03560099999,BEDFORD,1987-04-09,2020-04-07,null,UK,52.2166666,-0.4833333,84
03558099999,BEDFORD AIRPORT,1942-09-25,1994-03-31,null,UK,52.217,-0.483,89
06414099999,BEITEM,2008-01-16,2020-04-07,null,BE,50.9,3.1166666,25
03177099999,BELL ROCK (LGT-H),1973-01-01,1987-04-27,null,UK,56.433,-2.4,21
03976099999,BELMULLET,1929-10-01,2020-04-07,null,EI,54.2333333,-10,9.73
03022099999,BENBECULA,1973-01-01,2020-04-07,null,UK,57.481111,-7.362778,5.79
03658099999,BENSON,1973-01-01,2020-04-07,null,UK,51.616389,-1.095833,68.88
03657099999,BENSON (AUT),1984-07-13,1993-06-24,null,UK,51.617,-1.1,57
99999935048,BENTWATERS,1951-06-06,1967-12-31,null,UK,52.133,1.433,25.9
03596199999,BENTWATERS RAF,1973-01-01,1988-01-05,null,UK,52.133,1.433,26
03596399999,BENTWATERS RAF,1945-01-01,1992-12-29,null,UK,52.1333333,1.4333333,25.91
03596335048,BENTWATERS RAF,1945-01-01,1993-03-31,null,UK,52.133,1.433,26
07014099999,BERCK-SUR-MER,1940-07-15,1941-09-03,null,FR,50.417,1.6,7
03626099999,BERRY HILL,1981-11-01,1983-03-12,null,UK,51.8,-2.617,25
03164099999,BIGGAR,2001-09-16,2003-12-04,null,UK,55.6,-3.55,206
03766399999,BIGGIN HILL,1988-01-05,2020-04-07,null,UK,51.330833,0.0325,182.27
03766199999,BIGGIN HILL,1984-05-19,1988-01-05,null,UK,51.283,0.033,0
07013099999,BIHUCOURT,1940-10-15,1942-08-07,null,FR,50.117,2.8,130
03388099999,BINBROOK(RAF),1973-01-01,1992-07-03,null,UK,53.45,-0.2,108
03344099999,BINGLEY NO.2,1973-01-01,2020-04-07,null,UK,53.8166666,-1.8666666,267
03534099999,BIRMINGHAM,1973-01-01,2020-04-07,null,UK,52.453856,-1.748028,99.66
03531099999,BIRMINGHAM/EDBASTON,1973-01-01,1979-10-12,null,UK,52.483,-1.933,163
03965099999,BIRR,1973-01-01,2009-10-01,null,EI,53.0833333,-7.8833333,72
03318099999,BLACKPOOL,1973-01-01,2020-04-07,null,UK,53.771667,-3.028611,10.36
03782099999,BLACKWALL,1976-03-25,1986-05-16,null,UK,51.517,0.017,5
15003099999,BOGUS ROMANIAN,1985-12-02,1991-04-18,null,RO,52.233,0.467,86.9
03235099999,BOLTSHOPE PARK,1994-11-02,2007-03-31,null,UK,54.817,-2.083,434
03746099999,BOSCOMBE DOWN,1973-01-01,2020-04-07,null,UK,51.152189,-1.747414,124.05
03240099999,BOULMER,1975-10-01,2020-04-07,null,UK,55.424167,-1.603333,21.33
07002099999,BOULOGNE,1973-01-01,2020-04-07,null,FR,50.7333333,1.6,74
03862099999,BOURNEMOUTH,1973-01-01,2020-04-07,null,UK,50.78,-1.8425,11.58
03669199999,BOVINGDON,1942-08-10,1956-12-31,null,UK,51.733,-0.55,157
03764099999,BRACKNELL (AUT),1987-12-02,1992-11-16,null,UK,51.383,-0.8,75
03763099999,BRACKNELL/BEAUFORT,1973-01-01,2003-09-24,null,UK,51.3833333,-0.7833333,74
03603099999,BRAWDY(RAF),1974-10-08,1992-09-25,null,UK,51.883,-5.117,111
07317599999,BRAY,2007-08-22,2020-04-07,null,FR,49.971531,2.697661,110.94
03881099999,BREDE,1988-08-08,2003-11-30,null,UK,50.933,0.6,82
03096099999,BRIDGE OF CLAY,2001-09-17,2001-11-28,null,UK,56.65,-3.383,175
03292099999,BRIDLINGTON MRSC,1987-04-30,2020-04-07,null,UK,54.1,-0.1666666,19
03724399999,BRISTOL,1988-01-05,2020-04-07,null,UK,51.382669,-2.719089,189.58
03628399999,BRISTOL FILTON,1994-07-20,2012-12-21,null,UK,51.519444,-2.590833,68.88
03726099999,BRISTOL WEA CENTER,1981-08-01,2001-10-04,null,UK,51.467,-2.6,11
03724199999,BRISTOL/LULSGATE,1978-06-03,1988-01-05,null,UK,51.383,-2.717,189
03649099999,BRIZE NORTON,1951-08-01,2020-04-07,null,UK,51.749964,-1.583617,87.78
03036099999,BROADFORD,1988-03-01,1991-03-20,null,UK,57.25,-5.867,8
03216099999,BROMFIELD,1973-03-09,1973-03-09,null,UK,54.8,-3.283,20
99999915042,BRUNTINGTHORPE,1957-07-01,1962-08-24,null,UK,52.467,-1.117,150.9
03611099999,BRYNAMMAN,1973-01-01,1985-09-30,null,UK,51.817,-3.867,182
99016699999,BUOY 62094 / M5 SOUTH EAST,2005-02-28,2012-02-14,null,US,51.65,-6.7,5
99592099999,BUOY 62103 / CHANNEL LIGHTSHIP,1992-04-16,2018-04-25,null,UK,49.9,-2.9,0
99270099999,BUOY 62107 / SEVENSTONES LIGHTSHIP,2001-09-05,2018-04-25,null,UK,50.1,-6.1,0
99203799999,BUOY 62149,2013-02-06,2018-04-25,null,null,53.7,1.3,3
99203999999,BUOY 62153,2013-02-06,2013-07-15,null,null,57.3,2,3
99204199999,BUOY 62154,2013-02-06,2018-04-25,null,null,56.4,2.2,3
99204299999,BUOY 62155,2013-02-06,2018-04-25,null,null,57.7,0.7,3
99202999999,BUOY 62170,2013-04-23,2018-04-25,null,null,51.4,2,3
99685099999,BUOY 62301 / ABERPORTH (CARDIGAN BAY),2001-11-29,2016-02-16,null,UK,52.3,-4.5,0
99686099999,BUOY 62303 / TURBOT BANK,2001-11-29,2016-03-17,null,UK,51.6,-5.1,0
99648099999,BUOY 62304 / SANDETTIE LIGHTSHIP,2001-11-29,2017-06-09,null,UK,51.1,1.8,0
99203299999,BUOY 63057,2013-06-19,2018-04-25,null,null,59.2,1.5,3
03242099999,BURNHOPE,1973-01-01,1996-10-07,null,UK,54.817,-1.717,244
03830099999,BURRINGTON,1975-05-21,1997-05-08,null,UK,50.933,-3.983,199
03025099999,BUTT OF LEWIS (LH),1983-08-04,1998-01-22,null,UK,58.517,-6.267,23
03065099999,CAIRNGORM SUMMIT,1985-01-06,2020-04-07,null,UK,57.1166666,-3.6333333,1245
03072099999,CAIRNWELL,1997-12-01,2020-04-07,null,UK,56.8833333,-3.4166666,933
07009099999,CALAIS/DUNKERQUE,2011-05-10,2020-04-07,null,FR,50.967,1.95,3
03869199999,CALSHOT,1929-10-01,1939-09-29,null,UK,50.817,-1.3,3
03808099999,CAMBORNE,1973-01-01,2020-04-07,null,UK,50.2166666,-5.3166666,88
03571599999,CAMBRIDGE,1977-02-01,2020-04-03,null,UK,52.205,0.175,14.32
03571099999,CAMBRIDGE,1973-01-01,1996-12-24,null,UK,52.2,0.183,15
03139499999,CAMPBELTOWN,1999-01-18,2020-04-01,null,UK,55.437222,-5.686389,12.8
03049099999,CAPE WRATH (LGT-H),1973-01-01,1997-10-06,null,UK,58.633,-5,112
03305099999,CAPEL CURIG NO3,1994-10-01,2020-04-07,null,UK,53.1,-3.9333333,215
03715099999,CARDIFF,1973-01-01,2020-04-07,null,UK,51.396667,-3.343333,67.05
03717099999,CARDIFF WEATHER CENTRE,1984-06-14,2006-06-15,null,UK,51.4833333,-3.1833333,52
03559099999,CARDINGTON,1930-06-24,1980-06-01,null,UK,52.1,-0.4166666,29
03823099999,CARDINHAM  BODMIN,1987-07-08,2020-04-07,null,UK,50.5,-4.6666666,199
03220099999,CARLISLE,1988-06-01,2020-04-07,null,UK,54.9333333,-2.9666666,27
03222099999,CARLISLE,1973-01-01,2020-03-27,null,UK,54.9375,-2.809167,57.91
03906099999,CARMONEY,1977-08-03,2004-12-31,null,UK,55.017,-7.233,73
03905099999,CARRIGANS,1973-01-01,1988-12-31,null,UK,54.667,-7.317,113
03176099999,CARTERHOUSE,1989-10-01,2008-10-31,null,UK,55.3666666,-2.5166666,308
03967099999,CASEMENT,1987-02-01,2020-04-07,null,EI,53.301667,-6.451333,97.23
03904099999,CASTLEDERG,1997-12-01,2020-04-07,null,UK,54.7,-7.5833333,50
03280099999,CATTERICK,1939-07-08,1939-08-21,null,UK,54.367,-1.617,53
03221099999,CAUSEWAY FOOT,1974-12-03,1977-10-13,null,UK,54.583,-3.083,160
03338099999,CELLARHEAD,1975-04-26,1997-03-20,null,UK,53.033,-2.083,228
03505199999,CENARTH MILL,1973-01-21,1975-06-25,null,UK,52.383,-3.5,282
03504099999,CENARTH-IN-RADNOR,1977-11-30,1979-05-18,null,UK,52.383,-3.533,305
03890099999,CHANNEL (LGT-VSL),1979-02-01,1982-08-01,null,UK,49.9,-2.917,89
03785099999,CHARING,1980-09-15,2001-12-31,null,UK,51.2,0.783,91
03769099999,CHARLWOOD,1992-03-01,2020-04-07,null,UK,51.1438889,-0.2294444,68
03158099999,CHARTERHALL,1987-10-02,2020-04-07,null,UK,55.7,-2.3833333,111
03833099999,CHAWLEIGH,1973-01-28,1974-03-26,null,UK,50.9,-3.8,160
99999915015,CHELVESTON,1956-06-01,1964-02-29,null,UK,52.3,0.533,92
03674099999,CHENIES(AUTO),1992-10-01,1998-10-06,null,UK,51.683,-0.533,139
03707099999,CHIVENOR,1973-01-01,2020-04-07,null,UK,51.087167,-4.150339,8.22
03861099999,CHRISTCHURCH BAY,1986-03-13,1987-03-09,null,UK,50.7,-1.667,7
03355099999,CHURCH FENTON,1973-01-01,2013-12-19,null,UK,53.834333,-1.1955,8.83
03544099999,CHURCH LAWFORD,1983-08-25,2020-04-07,null,UK,52.3666666,-1.3333333,106
03614099999,CILFYNYDD,1973-07-17,1996-03-04,null,UK,51.633,-3.3,194
03768399999,CITY,1988-01-29,2020-04-07,null,UK,51.505278,0.055278,5.79
03924099999,CITY,1976-03-05,2020-04-07,null,UK,54.618056,-5.8725,4.57
03970099999,CLAREMORRIS,1973-01-01,2020-04-07,null,EI,53.7166666,-8.9833333,69
03141399999,CLEETON OIL PLATFORM,2013-03-12,2020-04-07,null,UK,54.0333333,0.7166666,470
03974099999,CLONES,1973-01-01,2008-04-07,null,EI,54.1833333,-7.2333333,89
03658499999,COLERNE,1942-05-27,2017-07-19,null,UK,51.439083,-2.286389,180.74
03535099999,COLESHILL,2001-09-15,2020-04-07,null,UK,52.4833333,-1.6833333,96
03495099999,COLTISHALL,1973-01-01,2006-04-04,null,UK,52.754844,1.3579,20.11
03391099999,CONINGSBY,1943-10-26,2020-04-07,null,UK,53.093014,-0.166014,7.62
03973099999,CONNAUGHT,1929-10-01,2020-04-07,null,EI,53.910297,-8.818492,202.69
03902099999,CORGARY,1973-08-09,2004-02-04,null,UK,54.4333333,-8.05,145
03955099999,CORK,1973-01-01,2020-04-07,null,EI,51.841269,-8.491111,153
03118099999,CORSEWALL PT. (LH),1977-04-28,1992-04-19,null,UK,55,-5.15,15
03414599999,COSFORD,1994-09-02,2020-03-23,null,UK,52.640028,-2.305578,82.9
03453099999,COTTESMORE,1973-01-01,2011-11-09,null,UK,52.735711,-0.648769,140.51
03541399999,COVENTRY,1991-05-18,2017-07-18,null,UK,52.369722,-1.479722,81.38
03293099999,COWDEN,1997-12-01,1998-04-01,null,UK,53.85,-0.1,15
03915599999,COWDEN,1995-02-13,1998-03-31,null,UK,53.85,-6.1,15
03557399999,CRANFIELD,1990-02-08,2020-04-07,null,UK,52.072222,-0.616667,109.11
03557199999,CRANFIELD,1973-01-01,1990-01-25,null,UK,52.067,-0.617,111
03379099999,CRANWELL,1929-08-01,2020-04-07,null,UK,53.03035,-0.483242,66.44
03150099999,CRAWFORDJOHN,1973-01-02,1983-03-31,null,UK,55.5,-3.767,274
03494099999,CROMER,1973-03-09,1992-08-27,null,UK,52.933,1.317,44
03316099999,CROSBY,1984-06-14,2020-04-07,null,UK,53.5,-3.0666666,9
03809099999,CULDROSE,1973-01-01,2020-04-07,null,UK,50.086092,-5.255711,81.38
03408099999,CYNWYD,1984-06-15,2003-11-07,null,UK,52.95,-3.417,227
06201099999,D15-FA-1 HELIPAD OIL PLATFORM,2008-08-26,2020-04-07,null,NL,54.3166666,2.9333333,36
03116099999,DALMALLY  STRONMILCHAN,2001-09-20,2009-03-31,null,UK,56.4,-5,40
99585099999,DATA BUOY 62142,2002-02-19,2014-02-05,null,UK,53,2.1,30
99594099999,DATA BUOY 62144,2001-11-30,2018-04-25,null,UK,53.4,1.7,30
99499099999,DATA BUOY 62145,2002-04-11,2018-04-25,null,UK,53.1,2.8,30
99725299999,DATA BUOY 62147,2005-05-04,2015-04-12,null,UK,57.6,1.7,30
99290099999,DATA BUOY 62164,1987-01-26,2018-04-25,null,UK,57.2,0.5,30
99576099999,DATA BUOY 62166,2002-04-05,2016-04-26,null,UK,57.2,0.5,30
99529099999,DATA BUOY 63110,1989-08-28,2018-04-25,null,UK,59.5,1.5,30
99644099999,DATA BUOY 63117,1994-08-31,2013-07-18,null,UK,58,1.1,30
74900399999,DEENETHORPE,1944-07-01,1945-06-04,null,UK,52.5,-0.6,105
03107099999,DHU LOCH,1974-01-18,1984-10-25,null,UK,55.817,-5.1,83
03033099999,DIABAIG,1980-10-01,1988-10-25,null,UK,57.583,-5.7,60
07040099999,DIEPPE,1973-05-04,2020-04-07,null,FR,49.9333333,1.1,38
03261099999,DISHFORTH,1992-05-01,2016-06-06,null,UK,54.137186,-1.420253,35.66
03792099999,DODDINGTON,1973-01-07,1980-04-06,null,UK,51.283,0.783,91
03405499999,DONCASTER SHEFFIELD,2005-05-07,2020-04-07,null,UK,53.474722,-1.004444,16.76
99722599999,DONEGAL BAY,2004-09-07,2011-06-03,null,EI,55,-10,4.5
03385099999,DONNA NOOK,1992-12-08,2020-04-07,null,UK,53.4666666,0.0666666,8
03393099999,DONNA NOOK (AUT),1984-06-14,1986-07-15,null,UK,53.383,0.217,4
03385199999,DONNA NOOK RAF,2011-05-12,2020-04-07,null,UK,53.4749,0.1521,3
03399099999,DOWSING (LGT-VSL),1973-06-01,1982-06-10,null,UK,53.567,0.833,5
03155099999,DRUMALBIN,1991-05-02,2020-04-07,null,UK,55.6166666,-3.7333333,245
03209099999,DRUMBURGH,1995-10-01,2003-11-05,null,UK,54.933,-3.15,7
03969099999,DUBLIN,1973-01-01,2020-04-07,null,EI,53.421333,-6.270075,73.76
03154099999,DUMFRIES/DRUNGANS,1973-01-01,2004-03-08,null,UK,55.05,-3.65,16
03163499999,DUNDEE,1984-08-23,2020-04-07,null,UK,56.452499,-3.025833,5.18
03153099999,DUNDRENNAN,1983-08-06,2020-04-07,null,UK,54.8,-4,113
03888099999,DUNGENESS,1973-01-01,1979-12-09,null,UK,50.917,0.967,3
07010099999,DUNKERQUE,1973-01-02,2020-04-07,null,FR,51.05,2.3333333,17
03840099999,DUNKESWELL AERODROME,1991-05-31,2020-04-07,null,UK,50.8666666,-3.2333333,253
03263599999,DURHAM TEES VALLEY AIRPORT,1975-11-24,2020-04-07,null,UK,54.509189,-1.429406,36.57
03091099999,DYCE,1929-10-02,2020-04-07,null,UK,57.201944,-2.197778,65.53
03387099999,EASINGTON,1988-10-24,1997-03-31,null,UK,53.667,0.117,10
03799099999,EAST GOODWIN L.V.,1973-06-01,1982-05-31,null,UK,51.217,1.6,5
03877099999,EAST HOATHLY,1989-07-27,1992-09-01,null,UK,50.917,0.15,38
03790099999,EAST MALLING (AUT),1985-12-01,1995-07-18,null,UK,51.283,0.45,32
03883099999,EASTBOURNE,1973-03-08,1975-10-04,null,UK,50.783,0.3,3
03161099999,EDDLESTON,1984-07-13,1984-07-13,null,UK,55.7,-3.217,195
03160099999,EDINBURGH,1973-01-01,2020-04-07,null,UK,55.95,-3.3725,41.14
03166099999,EDINBURGH GOGARBANK,2003-03-30,2020-04-07,null,UK,55.9333333,-3.35,57
01400099999,EKOFISK,1998-12-24,2020-04-07,null,NO,56.55,3.2166666,48.8
01403399999,EKOFISK OIL PLTFRM,1981-05-06,2020-04-07,null,NO,56.55,3.25,48.8
06449499999,ELSENBORN,1981-12-16,1984-08-17,null,BE,50.467,-6.217,0
03345099999,EMLEY MOOR,1973-01-01,2010-04-28,null,UK,53.617,-1.667,259
03346099999,EMLEY MOOR NO 2,1981-10-15,2020-04-07,null,UK,53.6,-1.6666666,267
03097099999,ENOCHDHU,2003-03-30,2003-11-12,null,UK,56.75,-6.883,4
99664099999,ENVIRONM BUOY 62023,2002-02-20,2018-04-25,null,US,51.4,-7.92,0
99291099999,ENVIRONM BUOY 62026,1987-01-27,2003-08-10,null,US,55.3,1.1,0
99589099999,ENVIRONM BUOY 62051,2002-02-19,2006-12-23,null,US,53.5,-5.4,0
99675099999,ENVIRONM BUOY 62090,2002-02-19,2007-09-05,null,US,53.12,-11.2,0
99593099999,ENVIRONM BUOY 62104,1992-06-09,2018-04-25,null,US,50.4166667,0.2333333,0
99267099999,ENVIRONM BUOY 62106,1985-03-13,2003-04-28,null,US,56.983,-9.883,0
99573099999,ENVIRONM BUOY 62112,1989-09-04,2013-04-30,null,UK,58.7,1.3,0
99574099999,ENVIRONM BUOY 62119,1989-08-14,2018-04-25,null,US,57,2,0
99575099999,ENVIRONM BUOY 62128,1989-08-16,2013-04-30,null,UK,53.4,2.3,0
99679099999,ENVIRONM BUOY 62132,2001-11-29,2018-04-25,null,US,56.4,2,0
99520099999,ENVIRONM BUOY 62133,1989-08-14,2013-10-08,null,US,57.1,1,0
99663099999,ENVIRONM BUOY 62134,2007-08-08,2013-04-30,null,UK,57.2,1.2,0
99606099999,ENVIRONM BUOY 62135,1993-04-07,2012-09-28,null,UK,58.7,1.4,0
99526099999,ENVIRONM BUOY 62138,1992-06-26,2018-04-25,null,US,58.3,-1.7,0
99609099999,ENVIRONM BUOY 62146,2000-02-15,2013-04-30,null,UK,58.1,1.1,0
99639099999,ENVIRONM BUOY 62148,2005-02-02,2018-04-25,null,US,53.6,1.05,0
99688099999,ENVIRONM BUOY 62151,2009-07-02,2009-07-02,null,UK,54,0.7,0
99694099999,ENVIRONM BUOY 62152,2001-12-03,2013-04-30,null,US,54.2,2.4,0
99632099999,ENVIRONM BUOY 62157,2006-04-26,2018-04-25,null,US,58.1166667,0.1166667,0
99536099999,ENVIRONM BUOY 62162,2002-02-19,2008-02-19,null,UK,57.4,-0.5,0
99563099999,ENVIRONM BUOY 62169,2006-05-09,2012-08-06,null,UK,58.2,0.033,0
99680099999,ENVIRONM BUOY 62402,2001-12-07,2007-12-17,null,NL,53.5,3.15,0
99691099999,ENVIRONM BUOY 62409,2001-12-30,2003-11-22,null,NL,52.7,3.7,0
99695099999,ENVIRONM BUOY 62410,2001-12-06,2007-07-05,null,US,53.2,3.6,0
99577099999,ENVIRONM BUOY 62414,2002-04-06,2008-01-04,null,UK,53.833,2.917,0
99595099999,ENVIRONM BUOY 63115,1993-06-11,2013-07-31,null,UK,58.4,-5.6,0
99638099999,ENVIRONM BUOY 63116,1993-07-31,2012-06-14,null,UK,57.883,0.033,0
99645099999,ENVIRONM BUOY 63118,2002-01-03,2011-07-19,null,UK,58.9,-7.5,0
99604099999,ENVIRONM BUOY 63119,1992-07-09,2017-01-04,null,US,56.3,2.1,0
07017099999,EPINOY,1973-01-02,2012-06-29,null,FR,50.221814,3.154236,78.33
03503199999,ESGAIRWEN,1973-01-02,1977-01-31,null,UK,52.083,-4.017,332
03162099999,ESKDALEMUIR,1973-01-01,2020-04-07,null,UK,55.3166666,-3.2,242
03213099999,ESKMEALS,1973-04-12,2001-04-02,null,UK,54.317,-3.4,9
06269299999,EURO PLATFORM,2004-05-10,2006-11-27,null,NL,52,3.2833333,18
06321099999,EURO PLATFORM,1996-08-03,2020-04-07,null,NL,52,3.2833333,18
03839099999,EXETER,1973-01-01,2020-04-07,null,UK,50.734444,-3.413889,31.08
03711099999,EXTON,1973-01-02,1987-06-28,null,UK,51,-3.483,332
03008099999,FAIR ISLE,1974-01-09,2020-04-07,null,UK,59.5333333,-1.6333333,57
03644099999,FAIRFORD,1952-06-10,2020-04-07,null,UK,51.682167,-1.790028,87.17
03886099999,FAIRLIGHT,1973-03-08,1990-10-16,null,UK,50.867,0.633,143
03798099999,FALLS (LGT-VSL),1973-01-04,1982-05-25,null,UK,51.3,1.817,5
03768099999,FARNBOROUGH,1988-05-01,2020-04-07,null,UK,51.275833,-0.776333,72.54
03766099999,FARNBOROUGH (MIL),1973-01-01,1996-07-31,null,UK,51.283,-0.767,72
03067099999,FEALAR LODGE,1986-11-01,1996-03-30,null,UK,56.9,-3.633,560
03697099999,FELIXSTOWE,1939-08-06,1939-08-21,null,UK,51.95,1.333,3
03581099999,FELTWELL,1949-01-03,1954-12-31,null,UK,52.483,0.517,14
03174099999,FIFE NESS,1978-05-15,2007-06-22,null,UK,56.3,-2.5833333,12
03628099999,FILTON,1973-01-01,2018-10-15,null,UK,51.5166666,-2.5833333,59
03978099999,FINNER,2001-06-01,2020-04-07,null,EI,54.4833333,-8.2333333,34.67
03360099999,FINNINGLEY(RAF),1973-01-01,1995-10-01,null,UK,53.483,-1,17
03291099999,FLAMBOROUGH HEAD,1979-08-31,1981-05-09,null,UK,54.117,-0.083,46
03341099999,FLASH-IN-STAFFORD,1973-01-02,1979-08-20,null,UK,53.2,-1.967,457
03237099999,FOREST,1978-04-02,1978-04-03,null,UK,54.65,-2.2,381
03050099999,FORT AUGUSTUS,1973-01-03,1989-09-23,null,UK,57.133,-4.717,41
03038099999,FORT WILLIAM,1973-01-01,1990-06-01,null,UK,56.833,-5.1,20
03057099999,FOYERS,1982-04-05,2003-12-22,null,UK,57.267,-4.483,21
03093099999,FRASERBURGH (LGT-H),1973-03-08,1990-03-10,null,UK,57.683,-2,19
03281099999,FYLINGDALES,1973-01-01,2020-04-07,null,UK,54.3666666,-0.6666666,262
03168099999,GALASHIELS,1973-01-05,1988-03-10,null,UK,55.6,-2.9,146
03699099999,GALLOPER (LGT-VSL),1973-06-01,1977-04-04,null,UK,51.733,1.967,5
03964099999,GALWAY,1978-06-16,1990-09-20,null,EI,53.2833333,-9.0166666,21
03776099999,GATWICK,1973-01-01,2020-04-07,null,UK,51.148056,-0.190278,61.56
03701099999,GAWLISH,1989-03-01,2003-12-31,null,UK,51.017,-4.5,122
03140099999,GLASGOW,1973-01-01,2020-04-07,null,UK,55.871944,-4.433056,7.92
03134099999,GLASGOW BISHOPTON,2003-03-30,2020-04-07,null,UK,55.9,-4.5333333,59
03145099999,GLASGOW WEA. CEN.,1973-01-01,1985-03-27,null,UK,55.867,-4.267,17
03148099999,GLEN OGLE,1996-11-01,2020-04-07,null,UK,56.4166666,-4.3166666,564
03923099999,GLENANNE NO2,1985-02-07,2020-04-07,null,UK,54.2333333,-6.5,160
03070099999,GLENLIVET,1973-01-01,2008-07-30,null,UK,57.35,-3.35,213
03064099999,GLENMORE LODGE,1973-08-03,1980-05-30,null,UK,57.167,-3.7,341
03633099999,GLOUCESTER,1977-10-01,1981-12-01,null,UK,51.867,-2.217,24
03633399999,GLOUCESTERSHIRE,1977-10-18,2020-04-07,null,UK,51.894167,-2.167222,30.78
03497099999,GORLESTON,1929-08-01,1981-10-31,null,UK,52.583,1.717,3
03497199999,GORLESTON,1929-08-01,1939-09-29,null,UK,52.567,1.733,3
03071099999,GRANTOWN-ON-SPEY,1981-01-07,1992-05-19,null,UK,57.333,-3.633,335
03786099999,GRAVESEND,1982-04-02,1995-10-27,null,UK,51.433,0.383,5
03784099999,GRAVESEND-BROADNESS,1996-02-01,2018-08-30,null,UK,51.4666666,0.3,3
03229099999,GREAT DUN FELL,1973-02-12,2001-12-19,null,UK,54.7,-2.45,847
03227099999,GREAT DUN FELL NO2,1994-10-01,2020-04-07,null,UK,54.6833333,-2.45,847
03527099999,GREAT MALVERN,1984-06-15,2008-11-07,null,UK,52.1166666,-2.3,44
99999915040,GREENHAM,1955-10-01,1964-06-02,null,UK,51.383,-1.283,125
03743599999,GREENHAM COMMON RAF,1976-04-28,1992-04-15,null,UK,51.383,-1.283,122
03138099999,GREENOCK MRCC,1987-03-23,2007-07-10,null,UK,55.9666666,-4.8,5
03966099999,GURTEEN,2009-10-20,2020-04-07,null,EI,53.0166666,-8,76
03140399999,HARDING OIL PLATFORM,2012-03-01,2020-04-07,null,UK,59.2666666,1.5,470
03704099999,HARTLAND,1984-06-14,1988-12-11,null,UK,50.983,-4.467,142
03703199999,HARTLAND POINT,1938-05-21,1939-09-29,null,UK,51.033,-4.533,91
03703099999,HARTLAND POINT,1938-05-21,1983-03-15,null,UK,51.017,-4.533,91
03321099999,HAWARDEN,1985-09-04,2020-04-07,null,UK,53.178056,-2.977778,13.71
03772099999,HEATHROW,1948-12-01,2020-04-07,null,UK,51.4775,-0.461389,25.29
03927099999,HELENS BAY,1992-03-01,2007-11-29,null,UK,54.66865,-5.74847,43
03927099999,HELENS BAY,1992-03-01,2007-11-29,null,UK,54.66865,-5.74847,43
74900699999,HEMINGSTONE,1944-07-29,1945-06-30,null,UK,52.133,1.1,58
03496099999,HEMSBY,1973-01-09,2001-04-02,null,UK,52.683,1.683,14
03370099999,HEMSWELL,1949-01-01,1954-12-31,null,UK,53.4,-0.567,63
03599099999,HENLOW,1973-06-01,1981-06-01,null,UK,52.017,-0.267,95
03522099999,HEREFORD/CREDENHILL,2001-09-15,2020-04-07,null,UK,52.0833333,-2.8,76
03884099999,HERSTMONCEUX,1976-11-01,1992-09-30,null,UK,50.867,0.333,17
03882099999,HERSTMONCEUX  WEST END,1992-12-01,2020-04-07,null,UK,50.9,0.3166666,52
03660099999,HIGH WYCOMBE HQAIR,1997-12-01,2020-04-07,null,UK,51.6833333,-0.8,205
03920099999,HILLSBOROUGH,1979-02-08,2003-11-10,null,UK,54.483,-6.1,38
03536099999,HINTS/LICHFIELD MST,1978-12-20,1981-10-20,null,UK,52.633,-0.567,30
03469099999,HOLBEACH (AUT),1985-12-01,2020-04-07,null,UK,52.8666667,0.15,3
03470099999,HOLBEACH RAF RANGE,1964-07-13,1978-03-09,null,UK,52.883,0.183,12
03470199999,HOLBEACH RAF RANGE,1978-04-05,1981-05-25,null,UK,52.85,0.167,12
03342099999,HOLME MOSS,1973-01-01,1995-06-06,null,UK,53.533,-1.867,524
03340099999,HOLME MOSS (AUT),1978-12-15,1995-06-09,null,UK,53.533,-1.883,522
03311099999,HOLYHEAD,1929-10-01,1939-09-29,null,UK,53.317,-4.617,8
03586099999,HONINGTON,1973-01-01,2003-06-17,null,UK,52.333,0.767,53
03343099999,HUDDERSFIELD/OAKES,1973-01-01,1986-09-30,null,UK,53.65,-1.833,232
03373599999,HUMBERSIDE,1975-03-12,2020-04-07,null,UK,53.574444,-0.350833,36.88
99999915033,HUNTINGTON,1955-09-09,1967-12-31,null,UK,52.367,0.217,49.1
03024099999,HYSKEIR (LGT-H),1986-05-01,1995-09-30,null,UK,56.967,-6.683,10
03159099999,INCHKEITH,1929-10-01,1938-05-18,null,UK,56.033,-3.133,58
03085099999,INCHMARLO,1990-03-02,1998-08-28,null,UK,57.067,-2.533,80
03088099999,INVERBERVIE NO.2,1987-12-02,2020-04-07,null,UK,56.85,-2.2666666,134
03058099999,INVERGORDON HARBOUR,1984-06-14,2001-02-04,null,UK,57.683,-4.167,3
03059099999,INVERNESS,1973-01-02,2020-04-07,null,UK,57.5425,-4.0475,9.44
03566199999,ISLAY,2004-05-10,2020-04-07,null,UK,55.681944,-6.256667,17.06
03105199999,ISLAY (PORT ELLEN),1974-07-08,1987-07-31,null,UK,55.683,-6.25,18
03105099999,ISLAY: PORT ELLEN,2001-09-15,2020-04-07,null,UK,55.6833333,-6.25,17
03204099999,ISLE OF MAN,1973-01-01,2020-04-07,null,UK,54.083333,-4.623889,16.76
03857099999,ISLE OF PORTLAND,1992-04-01,2020-04-07,null,UK,50.5166666,-2.45,52
06211099999,J6-A HELIPAD OIL PLATFORM,2009-02-10,2020-04-07,null,NL,53.8166666,2.95,34
03956099999,JOHNSTOWN CASTLE,2007-08-07,2020-04-07,null,EI,52.2833333,-6.4833333,53
03789099999,JUBILEE CORNER,1973-01-28,1995-05-25,null,UK,51.183,0.633,47
06252099999,K13-A,1996-08-01,2020-04-07,null,NL,53.2166666,3.2166666,30
06269599999,K13-A,2005-01-01,2006-11-27,null,NL,53.2166667,3.2166667,30
06204099999,K14-FA-1C,2007-08-21,2020-04-07,null,NL,53.2666666,3.6333333,27
99612099999,K4 BUOY 62105,2001-11-29,2017-12-18,null,UK,54.54,-12.36,0
99677099999,K5 BUOY 64045,2001-11-29,2018-04-25,null,UK,59.1,-11.4,0
03638399999,KEMBLE,1988-01-05,1992-03-31,null,UK,51.668056,-2.056944,131.97
03638099999,KEMBLE RAF,1974-05-06,1988-01-04,null,UK,51.667,-2.05,133
03781099999,KENLEY AIRFIELD,1988-02-01,2020-04-07,null,UK,51.3,-0.0833333,170
03212099999,KESWICK,1984-06-14,2020-04-07,null,UK,54.6166666,-3.1666666,81
03775099999,KEW-IN-LONDON,1973-01-01,1980-12-31,null,UK,51.467,-0.317,5
03121099999,KILDONAN,1973-03-08,1986-04-08,null,UK,55.433,-5.1,18
03922099999,KILKEEL,1973-03-23,1986-08-26,null,UK,54.05,-6,18
03960099999,KILKENNY,1973-01-01,2008-04-07,null,EI,52.6666666,-7.2666666,64
03143099999,KILLIN,1973-01-01,1988-06-10,null,UK,56.483,-4.35,114
03926099999,KILLOUGH,1973-03-14,1997-10-27,null,UK,54.233,-5.617,18
03040099999,KILMORY,1989-10-31,2004-03-23,null,UK,56.767,-6.05,45
03554099999,KINGS CLIFF RAF,1943-10-07,1945-09-03,null,UK,52.567,-0.483,77
03066099999,KINLOSS,1973-01-01,2020-04-07,null,UK,57.649386,-3.560636,6.7
03017099999,KIRKWALL,1973-01-01,2020-04-07,null,UK,58.957778,-2.905,15.54
03900099999,KNOCKAREVAN,1973-07-01,2003-06-17,null,UK,54.417,-8.083,50
06400099999,KOKSIJDE,1973-01-01,2020-04-07,null,BE,51.090278,2.652778,6.09
03624099999,KYMIN,1973-01-01,1978-09-30,null,UK,51.817,-2.683,181
07020099999,LA HAGUE,1975-05-19,2020-04-07,null,FR,49.7166666,-1.9333333,12
03410099999,LAKE VYRNWY NO2,1994-10-01,2020-04-07,null,UK,52.75,-3.4666666,359
03583099999,LAKENHEATH,1949-05-01,2014-06-04,null,UK,52.409333,0.561,9.75
03583035034,LAKENHEATH RAF,1999-01-02,2020-04-07,null,UK,52.417,0.567,10
03583199999,LAKENHEATH RAF,1973-01-01,1988-01-05,null,UK,52.4,0.567,10
03583399999,LAKENHEATH RAF,1949-05-01,1995-05-25,null,UK,52.4,0.567,10
99999935034,LAKENHEATH RAF,1949-05-01,1967-12-31,null,UK,52.4,0.567,10.1
03806099999,LANDS END ARPT,1973-03-08,2020-04-07,null,UK,50.0641,-5.709,63
03806099999,LANDS END ARPT,1973-03-08,2020-04-07,null,UK,50.0641,-5.709,63
03796099999,LANGDON BAY,1979-09-12,2020-04-07,null,UK,51.1333333,1.35,117
99999934053,LAON,1952-06-01,1966-12-30,null,FR,49.633,3.55,82.9
03743099999,LARKHILL,1989-06-01,2020-04-07,null,UK,51.2,-1.8,133
03928099999,LARNE,1980-06-12,2004-03-15,null,UK,54.85,-5.8,3
06320099999,LE GOEREE,1949-01-01,2020-04-07,null,NL,51.9333333,3.6666666,19
06269499999,LE GOEREE,2004-05-10,2006-11-27,null,NL,51.9333333,3.6666667,19
07003099999,LE TOUQUET PARIS PLAGE,1973-01-01,2020-04-07,null,FR,50.514747,1.627339,10.97
03781599999,LEAVESDEN,1973-01-01,1994-03-31,null,UK,51.683,-0.417,102
03383099999,LECONFIELD,1973-05-01,1976-10-29,null,UK,53.883,-0.433,9
03382099999,LECONFIELD,1996-01-01,2020-04-07,null,UK,53.8666666,-0.4333333,7
03384099999,LECONFIELD (AUT),1981-01-13,2020-04-07,null,UK,53.8666667,-0.4333333,6
03867099999,LEE-ON-SOLENT,1973-01-08,1988-10-11,null,UK,50.817,-1.217,10
03346399999,LEEDS BRADFORD,1988-01-05,2020-04-07,null,UK,53.865897,-1.660569,207.56
03347099999,LEEDS WEATHER CTR,1986-01-01,2003-09-02,null,UK,53.8,-1.55,47
03330099999,LEEK THORNCLIFFE,2004-07-06,2020-04-07,null,UK,53.1333333,-1.9833333,299
03257099999,LEEMING,1973-01-01,2020-04-07,null,UK,54.292383,-1.5354,40.23
07015099999,LESQUIN,1945-03-02,2020-04-07,null,FR,50.561942,3.089444,47.85
03171099999,LEUCHARS,1973-01-01,2020-04-07,null,UK,56.372889,-2.868444,11.58
03266099999,LINTON ON OUSE,1973-01-01,2020-04-07,null,UK,54.048911,-1.252747,16.15
03767099999,LIPHOOK,1973-01-02,1988-07-06,null,UK,51.083,-0.817,98
03710099999,LISCOMBE,1993-01-13,2020-04-07,null,UK,51.0833333,-3.6,347
03647099999,LITTLE RISSINGTON,1984-06-15,2020-04-07,null,UK,51.8666666,-1.6833333,210
03323399999,LIVERPOOL,1990-04-24,2020-04-07,null,UK,53.333611,-2.849722,24.38
03323099999,LIVERPOOL AIRPORT,1973-01-01,1990-04-03,null,UK,53.333,-2.85,26
03814099999,LIZARD,1932-05-10,1992-02-27,null,UK,49.95,-5.183,57
03815099999,LIZARD LIGHTHOUSE,1988-07-19,2003-05-29,null,UK,49.967,-5.2,60
03405399999,LLANBEDR,1994-05-03,2004-10-28,null,UK,52.811744,-4.123575,9.14
03407099999,LLANBEDR,1996-01-02,2004-11-08,null,UK,52.8,-4.117,9
03031099999,LOCH GLASCARNOCH,1992-10-22,2020-04-07,null,UK,57.7166666,-4.8833333,264
03021099999,LOCHBOISDALE,1990-04-05,2003-06-30,null,UK,57.15,-7.317,6
03043099999,LOCHCARRON,2003-03-31,2003-11-07,null,UK,57.4,-5.483,32
03046099999,LOCHLUICHART,2001-09-17,2003-11-10,null,UK,57.617,-4.817,88
03120099999,LOCHRANZA NO3,1988-08-01,2008-10-19,null,UK,55.7,-5.3,46
03275099999,LOFTUS,1996-11-01,2020-04-07,null,UK,54.5666666,-0.8666666,159
03778099999,LONDON WEA CENTER,1973-01-01,1992-03-31,null,UK,51.517,-0.117,23
03779099999,LONDON WEA CENTER,1992-04-01,2010-02-01,null,UK,51.5,-0.1166667,39
03908499999,LONDONDERRY EGLINTON,1990-04-25,2020-04-07,null,UK,55.042778,-7.161111,6.7
03068099999,LOSSIEMOUTH,1973-01-03,2020-04-07,null,UK,57.705214,-3.339169,12.8
03911099999,LOUGH FEA,1994-10-03,2020-04-07,null,UK,54.7166666,-6.8166666,227
03702099999,LUNDY ISL (LGT-H),1973-01-01,1994-11-30,null,UK,51.167,-4.65,43
03673399999,LUTON,1988-01-05,2020-04-07,null,UK,51.874722,-0.368333,160.32
03673199999,LUTON ARPT,1973-01-01,1988-01-05,null,UK,51.883,-0.367,160
03077099999,LYBSTER,1994-10-01,2003-12-02,null,UK,58.317,-3.283,85
03887399999,LYDD,1988-01-05,2020-04-07,null,UK,50.956111,0.939167,3.96
03887199999,LYDD AIRPORT,1975-01-09,1988-01-04,null,UK,50.95,0.933,3
03795099999,LYMPNE,1929-08-01,1939-09-29,null,UK,51.083,1.017,104
03740099999,LYNEHAM,1973-01-01,2020-04-07,null,UK,51.505144,-1.993428,156.36
03963099999,MACE HEAD,2009-10-20,2020-04-07,null,EI,53.3166666,-9.9,23
03111099999,MACHRIHANISH,1973-01-01,2020-04-07,null,UK,55.4333333,-5.7,10
03521099999,MADLEY,1984-06-14,2004-03-26,null,UK,52.033,-2.85,78
03907099999,MAGILLIGAN NO 2,2011-09-01,2020-04-07,null,UK,55.15,-6.9333333,6
03980099999,MALIN HEAD,1929-10-01,2020-04-07,null,EI,55.3666666,-7.3333333,25
03334099999,MANCHESTER,1973-01-01,2020-04-07,null,UK,53.353744,-2.27495,78.33
03335099999,MANCHESTER/BARTON,1973-01-01,1986-04-01,null,UK,53.483,-2.25,37
03797035047,MANSTON,1935-10-27,2020-04-07,null,UK,51.35,1.333,50
99999935047,MANSTON,1950-07-20,1958-05-31,null,UK,51.35,1.367,43.9
03797099999,MANSTON,2000-01-01,2014-06-04,null,UK,51.342222,1.346111,54.25
03482099999,MARHAM,1949-04-01,2020-04-07,null,UK,52.648353,0.550692,22.86
03140799999,MARNOCK OIL PLATFORM,2012-03-01,2020-04-07,null,UK,57.2833333,1.65,470
07024099999,MAUPERTUS,1973-01-01,2020-04-07,null,FR,49.650106,-1.470281,139.9
07059099999,MEAULTE,1940-06-17,2020-04-07,null,FR,49.9666666,2.7038889,111
03075599999,MERRYFIELD ARPT / RNAS,2018-10-01,2019-10-24,null,UK,50.9625,-2.935667,43.89
03075599999,MERRYFIELD ARPT / RNAS,2018-10-01,2019-10-24,null,UK,50.9625,-2.935667,43.89
03749099999,MIDDLE WALLOP,1973-08-09,2020-04-07,null,UK,51.15,-1.5666667,91
99999935046,MILDENHALL,1950-07-14,1967-12-31,null,UK,52.367,0.483,10.1
03577099999,MILDENHALL,1938-10-12,2014-06-04,null,UK,52.361933,0.486406,10.05
03577035046,MILDENHALL RAF,1999-01-02,2020-04-07,null,UK,52.367,0.483,10
03577399999,MILDENHALL RAF    &,1950-07-14,1995-08-31,null,UK,52.367,0.483,10
03577199999,MILDENHALL RAF    &,1973-01-01,1988-01-05,null,UK,52.367,0.483,10
03604099999,MILFORD HAVEN CONSERVANCY BOARD,1973-01-01,2020-04-07,null,UK,51.7,-5.05,32
03140499999,MILLER OIL PLATFORM,2012-03-01,2017-08-12,null,UK,58.7166666,1.4,470
03709099999,MINEHEAD,1987-03-01,1988-12-01,null,UK,51.2,-3.45,10
03314099999,MOEL-Y-CRIO,1986-05-01,2005-09-19,null,UK,53.2166666,-3.2166666,263
03301099999,MONA,1943-05-06,2020-04-07,null,UK,53.2666666,-4.3666666,62
03909099999,MONEYDIG,1973-01-01,1980-07-06,null,UK,54.983,-6.6,34
03606199999,MONKSTONE POINT,2007-03-06,2007-03-07,null,UK,51.7,-4.667,84
99722699999,MOORED BUOY 62131,2004-09-16,2013-04-30,null,null,58.1,0.1,0
99722799999,MOORED BUOY 62140,2005-03-22,2013-04-30,null,null,57.4,1.3,0
99724699999,MOORED BUOY 62159,2007-11-13,2011-12-09,null,null,58.2,0.017,0
99722899999,MOORED BUOY 62168,2004-09-11,2009-11-08,null,null,53.417,2.917,0
99723099999,MOORED BUOY 62206,2005-01-09,2007-01-11,null,null,53.3,2.917,0
99723399999,MOORED BUOY 64049,2004-09-09,2016-01-10,null,UK,57.1,2.2,0
03912099999,MOYOLA,1992-12-01,2004-01-06,null,UK,54.717,-6.517,17
03131099999,MULL OF GALLOWAY LH,1973-01-01,1988-08-31,null,UK,54.633,-4.85,78
03971099999,MULLINGAR,1973-01-01,2020-04-07,null,EI,53.5333333,-7.3666666,100
03609099999,MUMBLES HEAD,1973-03-08,2020-04-07,null,UK,51.5666666,-3.9833333,32
03140699999,MUNGO OIL PLATFORM,2012-03-01,2020-01-14,null,UK,57.3666666,1.9833333,470
03402099999,MYNYDD RHIW,1996-02-06,1996-02-09,null,UK,52.817,-4.633,253
03403099999,NANTMOR,1984-06-15,2002-08-30,null,UK,53,-4.083,53
03028099999,NEIST POINT (LGT-H),1980-10-01,1989-09-30,null,UK,57.417,-6.783,21
03745099999,NETHERAVON(RA),1973-01-01,1995-11-28,null,UK,51.25,-1.767,139
03243399999,NEWCASTLE,1988-01-05,2020-04-07,null,UK,55.0375,-1.691667,81.07
03511099999,NEWCASTLE ON CLUN,1986-01-01,1997-04-26,null,UK,52.4333333,-3.1166667,215
03246099999,NEWCASTLE WEATHER CENTRE,1990-11-01,2005-10-04,null,UK,54.9833333,-1.6,52
03245099999,NEWCASTLE WX CENTRE,1973-01-01,1990-10-29,null,UK,54.967,-1.617,50
03243199999,NEWCASTLE/WOOLSING.,1974-04-01,1988-01-05,null,UK,55.033,-1.683,81
03880099999,NEWHAVEN (LGT-H),1973-01-01,2000-06-29,null,UK,50.783,0.05,5
03346599999,NEWQUAY CORNWALL,2009-02-01,2020-04-07,null,UK,50.4333333,-4.9833333,119
03346599999,NEWQUAY CORNWALL,2009-02-01,2020-04-07,null,UK,50.4333333,-4.9833333,119
03590599999,NEWTON,1995-02-15,2000-11-10,null,UK,52.967,-0.983,55
06300099999,NOORDHINDER,1953-02-18,1982-02-11,null,NL,51.65,2.567,3
06300199999,NOORHINDER,1953-02-18,1956-12-31,null,NL,51.65,2.567,3
03386099999,NORTH COATES (AUT),1989-01-18,1991-10-11,null,UK,53.5,0.067,3
03405599999,NORTH DENES AIRPORT,2013-05-01,2015-04-30,null,UK,52.65,-1.7833333,2
03831099999,NORTH HESSARY TOR,1985-01-01,2004-02-11,null,UK,50.55,-4,510
03011099999,NORTH RONA ISLAND,1990-09-01,2009-03-20,null,UK,59.1166666,-5.8166666,103
03009099999,NORTH RONALDSAY ISL,1978-12-26,1979-04-03,null,UK,59.3666667,-2.4166667,11
03672099999,NORTHOLT,1973-01-01,2020-04-07,null,UK,51.553,-0.418167,37.79
03492099999,NORWICH,1987-12-02,2020-04-07,null,UK,52.675833,1.282778,35.66
03507799999,NORWICH,1977-01-15,1984-08-07,null,UK,52.683,1.283,37
03492599999,NORWICH WEA CNTRE &,1984-09-09,1988-01-05,null,UK,52.683,1.283,37
03418599999,NOTTINGHAM EAST MIDLANDS,1981-09-03,2020-04-07,null,UK,52.831111,-1.328056,93.26
03354099999,NOTTINGHAM/WATNALL,1973-01-01,2020-04-07,null,UK,53,-1.25,117
03961099999,OAK PARK - CARLOW,2008-07-21,2020-03-19,null,EI,52.85,-6.9,63
03114099999,OBAN,1978-09-02,2020-03-23,null,UK,56.417,-5.467,4
03761099999,ODIHAM,1973-01-01,2020-04-07,null,UK,51.234139,-0.942825,123.44
03832099999,OKEHAMPTON,1977-03-04,1989-09-11,null,UK,50.717,-4,372
06407099999,OOSTENDE,1940-06-13,2020-04-07,null,BE,51.198889,2.862222,3.96
06408099999,OOSTENDE (PIER),1973-01-01,2006-01-12,null,BE,51.2333333,2.9166666,15
03925099999,ORLOCK HEAD,1973-03-14,1977-12-02,null,UK,54.667,-5.583,34
03102099999,ORSAY (LGT-H),1984-06-14,1998-02-11,null,UK,55.667,-6.5,23
06203099999,P11-B / DE RUYTER,2009-11-09,2020-04-07,null,NL,52.3666666,3.35,24
03605099999,PEMBRY SANDS,1993-03-01,2020-04-07,null,UK,51.7166667,-4.3666667,3
03610099999,PENCELLI (AUX),1990-01-05,1991-05-30,null,UK,51.917,-3.317,160
03810099999,PENDENNIS POINT,1984-07-02,2007-06-19,null,UK,50.15,-5.0666666,42
03608099999,PENDINE (AUT),1988-08-28,1999-04-26,null,UK,51.75,-4.517,5
03607099999,PENDINE (AUT),1973-01-01,1996-12-31,null,UK,51.75,-4.517,5
74911799999,PENKETH,1945-01-01,1959-04-30,null,UK,53.383,-2.65,27
03346499999,PENZANCE HELIPORT,2005-01-05,2012-10-31,null,UK,50.12,-5.52,4
03528099999,PERSHORE,1973-01-01,1977-06-30,null,UK,52.133,-2.033,40
03529099999,PERSHORE,1978-03-01,2020-04-07,null,UK,52.15,-2.0333333,31
03157199999,PERTH/SCONE,1973-01-19,1975-02-14,null,UK,56.433,-3.367,121
03092099999,PETERHEAD HARBOUR,1978-11-01,2008-10-31,null,UK,57.5,-1.7666666,15
03156099999,PITREAVIE,1982-11-23,1982-11-23,null,UK,56.05,-3.417,40
99522099999,PLATFORM 62120,1989-09-23,2018-04-25,null,UK,56.4,2.1,0
99514099999,PLATFORM 62121,1989-11-06,2018-03-06,null,UK,53.6,2.8,0
99502099999,PLATFORM NO. 62101,1989-08-14,2002-10-16,null,UK,50.6,-2.933,0
99512099999,PLATFORM NO. 62111,1989-08-15,2013-04-30,null,UK,58.1,0.4,0
99532099999,PLATFORM NO. 62113,2011-01-27,2013-04-30,null,UK,58.4,0.3,0
99530099999,PLATFORM NO. 62114,1989-08-15,2018-04-25,null,US,58.3,1,0
99507099999,PLATFORM NO. 62115,1989-09-04,2018-04-25,null,US,58.05,-3.05,0
99506099999,PLATFORM NO. 62116,1989-12-11,2018-04-25,null,US,57.7,1.4,0
99519099999,PLATFORM NO. 62118,1989-08-14,2013-04-30,null,UK,57.7,0.9,0
99523099999,PLATFORM NO. 62122,1989-08-15,2018-04-25,null,US,56.3,2.01,0
99513099999,PLATFORM NO. 62123,1989-09-27,2016-12-01,null,US,56.4,2.2,0
99511099999,PLATFORM NO. 62125,1989-08-14,2012-09-28,null,US,53.8,-3.5,0
99501099999,PLATFORM NO. 62126,1989-08-14,2012-09-28,null,UK,53.8,-3.6,0
99515099999,PLATFORM NO. 62127,1989-08-14,2013-04-30,null,UK,53.5,2.2,0
99521099999,PLATFORM NO. 62129,1989-08-14,2018-04-25,null,US,53.05,2.1166667,0
99524099999,PLATFORM NO. 62130,1989-09-18,2012-06-29,null,UK,53,1.7,0
62137099999,PLATFORM NO. 62137,2014-01-31,2017-04-30,null,US,57.35,1.4666667,0
99504099999,PLATFORM NO. 62137,1989-08-14,2009-09-10,null,UK,57.6,1.8,0
99505099999,PLATFORM NO. 62138,1990-01-28,1991-12-07,null,UK,58.4,-0.1,0
99509099999,PLATFORM NO. 62142,1992-06-24,1994-08-30,null,UK,56.8,1.7,0
99543099999,PLATFORM NO. 62143,2002-08-20,2013-04-30,null,UK,58.3,0.4,0
99510099999,PLATFORM NO. 62147,1990-05-16,1990-05-26,null,UK,58,1.1,0
99540099999,PLATFORM NO. 62150,1992-07-13,2018-04-25,null,US,59.5,1.4,0
99542099999,PLATFORM NO. 63106,2004-03-01,2013-04-30,null,UK,53.5,2,0
99517099999,PLATFORM NO. 63109,1992-06-27,2018-04-25,null,US,59.35,1.3,0
99503099999,PLATFORM NO. 63111,1989-08-14,1999-12-10,null,UK,59.5,1.5,0
03827399999,PLYMOUTH,1988-03-19,2011-12-23,null,UK,50.422778,-4.105833,145.08
03827099999,PLYMOUTH/MOUNTBATTE,1973-01-01,2020-04-07,null,UK,50.35,-4.1166667,27
03208099999,POINT OF AYRE (LH),1935-07-01,2002-11-10,null,IM,54.417,-4.367,9
03811099999,PORT PENDENNIS,1929-10-01,1932-04-30,null,UK,50.133,-5.033,61
03915099999,PORTGLENONE,1994-10-01,2020-04-07,null,UK,54.8666666,-6.45,65
03856099999,PORTLAND BILL (LH),1929-10-01,1996-01-31,null,UK,50.517,-2.45,11
03855099999,PORTLAND BILL C.G.,1973-03-08,1992-03-01,null,UK,50.517,-2.433,53
03858099999,PORTLAND HELIPORT,1973-01-08,1999-02-12,null,UK,50.5666667,-2.45,3
03929099999,PORTMUCK,1973-05-01,1979-05-22,null,UK,54.85,-5.733,43
03914099999,PORTRUSH,1973-05-10,2003-11-27,null,UK,55.2,-6.667,8
03834099999,PRAWLE POINT,1973-03-08,1983-01-31,null,UK,50.2,-3.717,59
03135099999,PRESTWICK,1944-01-01,2020-04-07,null,UK,55.509444,-4.586667,19.81
03136099999,PRESTWICK RNAS,1993-04-01,2020-04-07,null,UK,55.5166666,-4.5833333,27
03777099999,PURLEY OAKS,1929-08-01,1939-09-29,null,UK,51.35,-0.117,66
03055099999,RACKWICK,1985-03-20,2008-04-29,null,UK,58.8666666,-3.3833333,18
74900999999,RAF BLYTON,1943-03-09,1943-06-29,null,UK,53.467,-0.7,240
03550099999,RAF BODNEY,1943-08-30,1945-09-05,null,UK,52.567,0.717,40
03301199999,RAF BURTONWOOD,1943-05-06,1945-03-18,null,UK,53.417,-2.65,18
03561099999,RAF BURY ST EDMUNDS,1942-12-21,1944-06-30,null,UK,52.25,0.767,63
03553199999,RAF CHEDDINGTON,1944-01-01,1945-03-14,null,UK,51.833,-0.683,93
03553099999,RAF DEENETHORPE,1943-11-11,1945-06-04,null,UK,52.5,-0.583,101
03552099999,RAF DUXFORD,1943-06-20,1944-06-30,null,UK,52.1,0.133,30
03545099999,RAF GREAT ASHFIELD,1943-08-01,1944-06-30,null,UK,52.25,0.95,61
74911599999,RAF GROVE,1945-03-21,1945-11-20,null,UK,51.617,-1.45,83
03542099999,RAF HETHEL,1943-10-10,1945-05-21,null,UK,52.567,1.167,49
74900799999,RAF HOME-ON-SPALDING,1941-09-18,1945-10-24,null,UK,53.8,-0.75,4
03551099999,RAF HORHAM,1943-05-20,1944-06-30,null,UK,52.317,1.233,55
03561199999,RAF KIMBOLTON,1943-06-01,1956-12-31,null,UK,52.317,-0.383,73
74911499999,RAF MOLESWORTH,1954-03-01,1957-05-31,null,UK,52.383,-0.417,74
03549099999,RAF OLD BUCKENHAM,1944-01-07,1945-05-10,null,UK,52.5,1.067,59
03543099999,RAF RIDGEWELL,1944-01-01,1945-06-08,null,UK,52.05,0.55,79
03548099999,RAF SNETTERTON HEATH,1943-07-22,1943-11-09,null,UK,52.467,0.95,45
74900199999,RAF SPILSBURY,1943-11-16,1946-05-07,null,UK,53.167,0.167,11
03546099999,RAF TIBENHAM,1943-12-02,1945-05-22,null,UK,52.45,1.15,54
03140899999,RAVENSPURN N OIL PLATFORM,2012-03-01,2020-04-07,null,UK,54.0166666,1.1,470
03230099999,REDESDALE CAMP,1983-08-06,2020-04-07,null,UK,55.2833333,-2.2833333,212
03780099999,REDHILL,2001-09-15,2006-02-28,null,UK,51.2166666,-0.1333333,63
03106099999,RHUVAAL,1973-01-01,1981-12-31,null,UK,55.917,-6.133,20
03313099999,RHYL NO2,1986-10-01,2020-04-07,null,UK,53.25,-3.5,76
03233099999,RIBBLEHEAD,1976-11-19,1977-11-11,null,UK,54.217,-2.333,312
07059199999,RIVERY,1940-06-17,1942-06-30,null,FR,49.9,2.333,64
03952099999,ROCHES POINT,1973-01-01,2020-03-14,null,EI,51.8,-8.25,41
03094099999,ROSEHEARTY,1995-10-01,2012-02-27,null,UK,57.7,-2.1166666,7
03627099999,ROSS-ON-WYE,1973-01-01,1974-09-30,null,UK,51.91117,-2.58574,67
03627099999,ROSS-ON-WYE,1973-01-01,1974-09-30,null,UK,51.91117,-2.58574,67
03957099999,ROSSLARE,1973-01-01,2008-04-06,null,EI,52.25,-6.3333333,25
03351099999,ROSTHERNE NO 2,2012-11-30,2020-04-07,null,UK,53.3666666,-2.3833333,35
03680099999,ROTHAMSTED,2013-08-20,2020-04-07,null,UK,51.8,-0.3583333,128
03885099999,ROYAL SOVEREIGN(LH),1973-01-01,1982-06-01,null,UK,50.717,0.45,23
03032099999,RUBH RE,1973-01-01,1977-11-02,null,UK,57.867,-5.817,16
03223099999,RYDAL,1979-01-22,1979-03-08,null,UK,54.45,-2.983,67
03030099999,SAASAIG,1973-01-09,1976-09-27,null,UK,57.1,-5.833,9
03505099999,SAINT HARMON,1983-08-06,1991-10-30,null,UK,52.333,-3.483,279
03152099999,SALSBURGH,1973-01-01,1999-12-16,null,UK,55.86149,-3.87542,277
03152099999,SALSBURGH,1973-01-01,1999-12-16,null,UK,55.86149,-3.87542,277
03139099999,SAUGHALL,1997-12-01,2008-07-31,null,UK,55.6,-4.2166666,223
03373099999,SCAMPTON,1973-01-01,2020-04-07,null,UK,53.307778,-0.550833,61.56
03802099999,SCILLY/ROUND ISLAND,1982-03-06,1988-03-08,null,UK,49.983,-6.317,38
03803099999,SCILLY/SAINT MARY'S,1929-10-02,2020-04-07,null,UK,49.9166667,-6.3,31
03800099999,SCILLY/ST. MARY'S,1989-01-24,1993-03-04,null,UK,49.917,-6.283,45
03804099999,SCILLY/ST.MARYS,1929-10-02,1984-10-18,null,UK,49.933,-6.3,51
03487399999,SCULTHORPE (AF MET),1950-03-08,1990-08-27,null,UK,52.85,0.767,65
03487099999,SCULTHORPE (AF MET),1978-07-07,1987-06-05,null,UK,52.85,0.767,65
03190099999,SEAHOUSES,1973-03-08,1979-06-29,null,UK,55.583,-1.65,11
06428099999,SEMMERZAKE,1973-01-01,2020-04-07,null,BE,50.9333333,3.6666666,37.46
06490199999,SEMMERZAKE (BAFB),2004-05-10,2020-04-07,null,BE,50.9333333,3.65,37
03507099999,SENNYBRIDGE NO2,1984-06-14,2020-04-07,null,UK,52.0666666,-3.6166666,307
03962099999,SHANNON,1973-01-01,2020-04-07,null,EI,52.701978,-8.924817,14.02
03225099999,SHAP,1978-11-01,2020-04-07,null,UK,54.5,-2.6833333,255
03414099999,SHAWBURY,1973-01-01,2020-04-07,null,UK,52.798169,-2.668042,75.89
03415099999,SHAWBURY (SAWS),1988-07-12,1992-11-18,null,UK,52.8,-2.683,74
03791099999,SHEERNESS,1973-06-01,2008-07-31,null,UK,51.45,0.75,25
03347599999,SHEFFIELD CITY,1998-04-08,2002-09-14,null,UK,53.394256,-1.388486,70.4
03588199999,SHEPHERD'S GROVE,1951-06-01,1959-01-09,null,UK,52.317,0.917,60
03951099999,SHERKIN ISLAND,2009-10-20,2020-04-07,null,EI,51.4666666,-9.4166666,21
03052099999,SHIN-IN-SUTHERLAND,1973-01-01,1975-04-01,null,UK,57.95,-4.417,7
03520099999,SHOBDON AIRFIELD,1992-08-01,2020-04-07,null,UK,52.25,-2.8833333,99
03693099999,SHOEBURYNESS  LANDWICK,1973-01-01,2020-04-07,null,UK,51.55,0.8333333,3
03694099999,SHOEBURYNESS (AUT),1985-01-16,1992-11-16,null,UK,51.55,0.833,2
03876099999,SHOREHAM,1988-05-26,2020-04-07,null,UK,50.835556,-0.297222,2.13
03879399999,SHOREHAM-BY-SEA,1988-01-06,1990-10-16,null,UK,50.817,-0.267,18
03879099999,SHOREHAM-BY-SEA,1973-03-08,1988-01-02,null,UK,50.817,-0.25,5
03339099999,SKIPTON NO2,1973-05-04,1975-05-17,null,UK,53.9666666,-2.0333333,153
03037099999,SKYE/LUSA,1998-03-01,2017-05-02,null,UK,57.25,-5.8,18
01088699999,SLEIPNER A OIL PLATFORM,2005-04-05,2020-04-07,null,NO,58.3666666,1.9,30
03133099999,SLOY,1973-01-01,1993-10-13,null,UK,56.25,-4.717,6
03207099999,SNAEFELL-ISLE,1973-02-12,1995-02-22,null,UK,54.267,-4.467,615
03308099999,SNOWDON SUMMIT,1988-05-30,2000-09-19,null,UK,53.067,-4.083,1065
03874099999,SOLENT,1986-06-02,2015-02-27,null,UK,50.8,-1.2166666,13
03023099999,SOUTH UIST RANGE,1992-03-01,2020-04-07,null,UK,57.3333333,-7.3666666,4
03865099999,SOUTHAMPTON,1973-01-01,2020-04-05,null,UK,50.950261,-1.356803,13.41
03691399999,SOUTHEND,1988-01-05,2020-04-07,null,UK,51.571389,0.695556,14.93
03691199999,SOUTHEND AIRPORT,1973-01-01,1988-01-05,null,UK,51.567,0.7,15
03165099999,SPADEADAM,1992-10-27,2020-04-07,null,UK,55.05,-2.55,325
03224099999,SPADEADAM NO2,1992-12-01,2020-04-07,null,UK,55.05,-2.55,286
03396099999,SPURN HEAD (POINT),1929-10-01,1987-04-15,null,UK,53.617,0.15,12
03396199999,SPURN HEAD (POINT),1929-10-01,2020-04-07,null,UK,53.567,0.117,7
03903099999,ST ANGELO,1985-03-01,2013-07-16,null,UK,54.4,-7.65,47
03716099999,ST ATHAN,1996-01-02,2020-04-07,null,UK,51.404811,-3.43575,49.68
03715599999,ST ATHAN,1994-09-01,2004-09-08,null,UK,51.4,-3.433,51
03210099999,ST BEES HEAD NO.2,1984-06-14,2020-04-07,null,UK,54.5166666,-3.6,123
03770099999,ST JAMES PARK,2009-12-19,2020-04-07,null,UK,51.5,-0.1166666,5
03817099999,ST MAWGAN,1973-01-01,2008-12-01,null,UK,50.4333333,-5,118.87
03185099999,ST. ABB'S HEAD (LH),1937-07-02,1992-01-27,null,UK,55.917,-2.133,75
03601099999,ST. ANNES HEAD,1929-10-01,1939-09-29,null,UK,51.683,-5.167,43
03211099999,ST. BEES HEAD (LH),1973-01-01,1986-11-08,null,UK,54.517,-3.633,94
07061099999,ST. QUENTIN/ROUPY,1973-01-01,2020-04-07,null,FR,49.8166667,3.2,101
03683099999,STANSTED,1973-01-01,2020-04-07,null,UK,51.885,0.235,106.07
99999935049,STANTON,1951-06-01,1959-01-09,null,UK,52.317,0.917,61
03026099999,STORNOWAY,1930-09-08,2020-04-07,null,UK,58.215556,-6.331111,7.92
03144099999,STRATHALLEN AIRFIELD,1989-05-02,2020-04-07,null,UK,56.3166666,-3.7333333,35
74900899999,STURGATE AIRFIELD,1944-05-19,1957-06-12,null,UK,53.381,-0.685,21
03010099999,SULE SKERRY,1973-01-01,2019-03-26,null,UK,59.0833333,-4.4,12
03609599999,SWANSEA,1984-04-11,1997-10-06,null,UK,51.605333,-4.067833,91.13
03062099999,TAIN RANGE (SAWS),1989-10-23,2020-04-07,null,UK,57.8166667,-3.9666667,4
03061099999,TARBAT NESS (CAPE),1973-01-01,1988-09-11,null,UK,57.867,-3.767,18
03269099999,TEESMOUTH,1975-11-17,1981-12-20,null,UK,54.65,-1.133,12
03076099999,TEMP FOR 03075,1993-03-13,1993-04-01,null,UK,58.45,-3.1,39
03454099999,TEMP FOR 03453,1993-03-18,1993-04-16,null,UK,52.733,-0.667,138
03841099999,TEMP FOR 038400,1983-08-25,1993-03-26,null,UK,50.867,-3.25,255
03418099999,TERNHILL(RAF),1973-07-17,1976-06-22,null,UK,52.867,-2.533,83
03759099999,TEST SAMOS 03761,1993-04-07,2000-07-28,null,UK,51.25,-0.95,123
03695099999,THAMES TOWER (AUT),1981-11-24,1999-05-17,null,UK,51.667,1.1,8
03863099999,THE NEEDLES (CAPE),1979-03-02,1981-12-20,null,UK,50.667,-1.583,86
07058099999,THIEULLOY-L'ABBAYE,1940-12-05,1942-06-30,null,FR,49.817,1.967,180
03901099999,THOMASTOWN,2012-07-20,2020-04-07,null,UK,54.3333333,-7.6,72
03872099999,THORNEY ISLAND,1984-07-03,2020-04-07,null,UK,50.8166666,-0.9166666,3
74900599999,TIBENHAM AIRFIELD,1944-07-04,2020-04-07,null,UK,52.457,1.162,52
74900599999,TIBENHAM AIRFIELD,1944-07-04,2020-04-07,null,UK,52.457,1.162,52
03100099999,TIREE,1937-03-01,2020-04-07,null,UK,56.499167,-6.869167,11.58
03712099999,TIVINGTON,1989-01-01,1998-05-29,null,UK,51.2,-3.533,83
03698099999,TONGUE (LGT-VSL),1975-06-01,1982-06-01,null,UK,51.517,1.383,15
03265099999,TOPCLIFFE,1997-05-01,2020-04-07,null,UK,54.2,-1.3833333,28
03264399999,TOPCLIFFE,1997-01-08,2020-04-07,null,UK,54.205522,-1.382094,28.04
03406099999,TRAWSFYNYDD,1973-03-25,1993-10-25,null,UK,52.933,-3.933,193
03503099999,TRAWSGOED,1983-09-06,2020-04-07,null,UK,52.35,-3.95,62
03612099999,TRECASTLE,1973-10-21,1988-10-31,null,UK,51.95,-3.7,312
03047099999,TULLOCH BRIDGE,1983-08-06,2020-04-07,null,UK,56.8666666,-4.7,249
03060099999,TUMMEL BRIDGE,1973-01-01,1992-06-30,null,UK,56.7,-4.017,145
03262099999,TYNEMOUTH,1929-10-01,2001-08-14,null,UK,55.017,-1.417,30
01428199999,ULA OIL PLATFORM,2013-08-06,2020-04-07,null,NO,59.1108,2.8458,94
03744099999,UPAVON,1973-01-01,1986-03-07,null,UK,51.3,-1.767,175
03655399999,UPPER HEYFORD RAF,1939-08-07,1993-12-15,null,UK,51.9333333,1.25,132.96
03655199999,UPPER HEYFORD RAF,1973-01-01,1988-01-05,null,UK,51.933,-1.25,133
03655099999,UPPER HEYFORD(USAF),1939-08-07,1939-08-09,null,UK,51.933,-1.25,134
03089099999,USAN,1973-03-08,1979-06-30,null,UK,56.683,-2.45,30
03953099999,VALENTIA OBSERVATORY,1929-10-01,2020-04-07,null,EI,51.9333333,-10.25,30
03302099999,VALLEY,1973-01-01,2020-04-07,null,UK,53.248097,-4.535339,11.27
03898099999,VARNE (LGT-VSL),1973-01-05,1982-06-19,null,UK,51.017,1.4,5
07022099999,VIGITE DU HAUMET,1976-03-09,2014-01-23,null,FR,49.65,-1.5,130
07016099999,VITRY-EN-ARTOIS,1940-07-01,2012-02-22,null,FR,50.333,3,48
07033099999,VITTEFLEUR/ST. VALE,1984-12-01,1990-08-31,null,FR,49.8333333,0.65,83
06269399999,VLISSINGEN,2004-05-10,2020-04-07,null,NL,51.45,3.6,8
06310099999,VLISSINGEN,1949-01-01,2020-04-07,null,NL,51.45,3.6,10
03377099999,WADDINGTON,1950-09-26,2020-04-07,null,UK,53.166167,-0.523811,70.4
03392099999,WAINFLEET (AUT),1984-06-14,2020-04-07,null,UK,53.0833333,0.2666667,5
03214099999,WALNEY ISLAND,1983-08-04,2020-03-14,null,UK,54.131167,-3.263667,14.32
03696099999,WALTON-ON-THE-NAZE,1973-03-08,2007-06-21,null,UK,51.85,1.2833333,5
03226099999,WARCOP RANGE,1983-08-08,2020-04-07,null,UK,54.5666666,-2.4166666,227
99999915027,WARRINGTON,1949-01-01,1959-04-30,null,UK,53.383,-2.65,27.1
03214599999,WARTON,2011-12-01,2020-03-23,null,UK,53.745097,-2.883061,16.76
74911699999,WARTON AERODROME,1945-02-05,1945-08-09,null,UK,53.75,-2.883,11
03027099999,WATERSTEIN,1977-10-05,2004-02-11,null,UK,57.4333333,-6.7666667,83
03590099999,WATTISHAM,1973-01-01,2020-04-07,null,UK,52.127283,0.956264,86.56
03688199999,WEATHERSFIELD RAF,1974-01-18,1977-01-22,null,UK,51.967,0.5,101
03688399999,WEATHERSFIELD RAF,1989-03-04,1989-08-03,null,UK,51.967,0.5,101
03875099999,WELLOW,1989-05-01,1992-04-24,null,UK,50.683,-1.45,25
03130099999,WEST FREUGH,1973-01-03,1981-12-22,null,UK,54.85,-4.95,17
03132099999,WEST FREUGH (AUT),1983-08-06,2020-04-07,null,UK,54.85,-4.95,12
03787199999,WEST MALLING,1960-12-01,1964-06-30,null,UK,51.283,0.417,104
03485099999,WEST RAYNHAM,1973-01-01,1976-01-09,null,UK,52.783,0.733,76
03140999999,WEST SOLE OIL PLATFORM,2012-03-01,2020-04-07,null,UK,53.7,1.1333333,470
06404099999,WEST-HINDER (LV),1983-05-17,1987-03-31,null,BE,51.4,2.433,7
03688099999,WETHERSFIELD(RAF),1952-05-07,1985-04-18,null,UK,51.967,0.5,98
06416099999,WEVELGEM,1987-02-28,1987-09-05,null,BE,50.817,3.2,25
03488099999,WEYBOURNE,1986-03-06,2020-04-07,null,UK,52.95,1.1333333,20
03228099999,WHINS POND (AUX),1984-06-15,1994-03-30,null,UK,54.667,-2.7,125
03282099999,WHITBY,1973-03-08,1999-05-30,null,UK,54.483,-0.6,60
03137099999,WHITHORN,1980-09-11,1994-04-30,null,UK,54.7,-4.417,40
03075099999,WICK,1929-10-01,2020-04-07,null,UK,58.458889,-3.093056,38.4
03866099999,WIGHT: ST. CATHERINES POINT,1974-12-01,2020-04-07,null,UK,50.5833333,-1.3,24
03090099999,WINDY HEAD,1973-01-02,1984-06-20,null,UK,57.633,-2.233,231
03462099999,WITTERING,1973-03-01,2020-04-07,null,UK,52.612558,-0.476453,83.21
03461099999,WITTERING (AUT),1984-06-14,1992-11-16,null,UK,52.617,-0.483,75
03595399999,WOODBRIDGE RAF,1954-10-01,1992-09-08,null,UK,52.083,1.4,29
03595199999,WOODBRIDGE RAF,1973-01-01,1988-01-05,null,UK,52.083,1.4,29
03348099999,WOODFORD,2004-08-03,2012-05-28,null,UK,53.3333333,-2.15,88
03018099999,WOODVALE,2010-03-18,2020-03-27,null,UK,53.581575,-3.055522,11.27
03566099999,WYTON,1950-10-03,2015-02-04,null,UK,52.357167,-0.107833,41.14
03853099999,YEOVILTON,1973-01-01,2020-04-07,null,UK,51.009358,-2.638819,22.86
06418099999,ZEEBRUGGE,2009-10-26,2020-04-07,null,BE,51.35,3.2,9
